;ligand;protein;interaction;0;ordered_residues
10;LEU3.A;MET1.A;HBAcceptor;True;LEU3.A-MET1.A-HBAcceptor
146;ASP24.A;GLN28.A;HBAcceptor;True;ASP24.A-GLN28.A-HBAcceptor
148;ASP24.A;HIS162.A;HBAcceptor;True;ASP24.A-HIS162.A-HBAcceptor
157;ARG25.A;ASN29.A;HBAcceptor;True;ARG25.A-ASN29.A-HBAcceptor
169;VAL26.A;LEU30.A;HBAcceptor;True;LEU30.A-VAL26.A-HBAcceptor
180;LEU27.A;LEU31.A;HBAcceptor;True;LEU27.A-LEU31.A-HBAcceptor
194;GLN28.A;THR32.A;HBAcceptor;True;GLN28.A-THR32.A-HBAcceptor
206;ASN29.A;ILE33.A;HBAcceptor;True;ASN29.A-ILE33.A-HBAcceptor
218;LEU30.A;GLU34.A;HBAcceptor;True;GLU34.A-LEU30.A-HBAcceptor
232;LEU31.A;GLU35.A;HBAcceptor;True;GLU35.A-LEU31.A-HBAcceptor
258;ILE33.A;ARG36.A;HBAcceptor;True;ARG36.A-ILE33.A-HBAcceptor
275;GLU34.A;SER200.A;HBAcceptor;True;GLU34.A-SER200.A-HBAcceptor
279;GLU35.A;THR32.A;HBAcceptor;True;GLU35.A-THR32.A-HBAcceptor
287;GLU35.A;LEU38.A;HBAcceptor;True;GLU35.A-LEU38.A-HBAcceptor
353;SER42.A;CYS46.A;HBAcceptor;True;CYS46.A-SER42.A-HBAcceptor
367;TYR43.A;GLN48.A;HBAcceptor;True;GLN48.A-TYR43.A-HBAcceptor
410;VAL47.A;LYS49.A;HBAcceptor;True;LYS49.A-VAL47.A-HBAcceptor
429;GLN48.A;THR93.A;HBAcceptor;True;GLN48.A-THR93.A-HBAcceptor
444;ASP50.A;LYS95.A;HBAcceptor;True;ASP50.A-LYS95.A-HBAcceptor
468;GLN52.A;ARG56.A;HBAcceptor;True;ARG56.A-GLN52.A-HBAcceptor
478;PRO53.A;ARG57.A;HBAcceptor;True;ARG57.A-PRO53.A-HBAcceptor
490;TYR54.A;MET58.A;HBAcceptor;True;MET58.A-TYR54.A-HBAcceptor
502;MET55.A;VAL59.A;HBAcceptor;True;MET55.A-VAL59.A-HBAcceptor
518;ARG56.A;ALA60.A;HBAcceptor;True;ALA60.A-ARG56.A-HBAcceptor
540;ARG57.A;THR61.A;HBAcceptor;True;ARG57.A-THR61.A-HBAcceptor
553;MET58.A;TRP62.A;HBAcceptor;True;MET58.A-TRP62.A-HBAcceptor
563;VAL59.A;MET63.A;HBAcceptor;True;MET63.A-VAL59.A-HBAcceptor
577;ALA60.A;LEU64.A;HBAcceptor;True;ALA60.A-LEU64.A-HBAcceptor
594;THR61.A;GLU65.A;HBAcceptor;True;GLU65.A-THR61.A-HBAcceptor
596;THR61.A;ARG262.A;HBAcceptor;True;ARG262.A-THR61.A-HBAcceptor
610;TRP62.A;VAL66.A;HBAcceptor;True;TRP62.A-VAL66.A-HBAcceptor
630;MET63.A;CYS67.A;HBAcceptor;True;CYS67.A-MET63.A-HBAcceptor
649;LEU64.A;CYS67.A;HBAcceptor;True;CYS67.A-LEU64.A-HBAcceptor
652;LEU64.A;GLU68.A;HBAcceptor;True;GLU68.A-LEU64.A-HBAcceptor
666;GLU65.A;GLU69.A;HBAcceptor;True;GLU65.A-GLU69.A-HBAcceptor
680;VAL66.A;GLN70.A;HBAcceptor;True;GLN70.A-VAL66.A-HBAcceptor
696;CYS67.A;CYS72.A;HBAcceptor;True;CYS67.A-CYS72.A-HBAcceptor
707;GLU68.A;LYS71.A;HBAcceptor;True;GLU68.A-LYS71.A-HBAcceptor
757;GLU73.A;VAL76.A;HBAcceptor;True;GLU73.A-VAL76.A-HBAcceptor
782;GLU75.A;LEU79.A;HBAcceptor;True;GLU75.A-LEU79.A-HBAcceptor
798;VAL76.A;ALA80.A;HBAcceptor;True;ALA80.A-VAL76.A-HBAcceptor
816;PHE77.A;MET81.A;HBAcceptor;True;MET81.A-PHE77.A-HBAcceptor
829;PRO78.A;ASN82.A;HBAcceptor;True;ASN82.A-PRO78.A-HBAcceptor
847;LEU79.A;TYR83.A;HBAcceptor;True;LEU79.A-TYR83.A-HBAcceptor
864;ALA80.A;LEU84.A;HBAcceptor;True;ALA80.A-LEU84.A-HBAcceptor
887;MET81.A;ASP85.A;HBAcceptor;True;ASP85.A-MET81.A-HBAcceptor
902;ASN82.A;ARG86.A;HBAcceptor;True;ARG86.A-ASN82.A-HBAcceptor
915;TYR83.A;PHE87.A;HBAcceptor;True;PHE87.A-TYR83.A-HBAcceptor
939;LEU84.A;LEU88.A;HBAcceptor;True;LEU84.A-LEU88.A-HBAcceptor
947;ASP85.A;TYR43.A;HBAcceptor;True;ASP85.A-TYR43.A-HBAcceptor
949;ASP85.A;ARG56.A;HBAcceptor;True;ARG56.A-ASP85.A-HBAcceptor
958;ASP85.A;ALA89.A;HBAcceptor;True;ALA89.A-ASP85.A-HBAcceptor
973;ARG86.A;GLY90.A;HBAcceptor;True;ARG86.A-GLY90.A-HBAcceptor
989;PHE87.A;VAL91.A;HBAcceptor;True;PHE87.A-VAL91.A-HBAcceptor
1002;LEU88.A;GLN48.A;HBAcceptor;True;GLN48.A-LEU88.A-HBAcceptor
1077;LYS95.A;LEU98.A;HBAcceptor;True;LEU98.A-LYS95.A-HBAcceptor
1093;HIS97.A;LEU101.A;HBAcceptor;True;HIS97.A-LEU101.A-HBAcceptor
1110;LEU98.A;GLY102.A;HBAcceptor;True;GLY102.A-LEU98.A-HBAcceptor
1118;GLN99.A;ALA103.A;HBAcceptor;True;ALA103.A-GLN99.A-HBAcceptor
1130;LEU100.A;VAL104.A;HBAcceptor;True;LEU100.A-VAL104.A-HBAcceptor
1153;LEU101.A;CYS105.A;HBAcceptor;True;CYS105.A-LEU101.A-HBAcceptor
1164;GLY102.A;MET106.A;HBAcceptor;True;GLY102.A-MET106.A-HBAcceptor
1174;ALA103.A;PHE107.A;HBAcceptor;True;ALA103.A-PHE107.A-HBAcceptor
1190;VAL104.A;LEU108.A;HBAcceptor;True;LEU108.A-VAL104.A-HBAcceptor
1212;CYS105.A;ALA109.A;HBAcceptor;True;ALA109.A-CYS105.A-HBAcceptor
1227;MET106.A;SER110.A;HBAcceptor;True;MET106.A-SER110.A-HBAcceptor
1239;PHE107.A;LYS111.A;HBAcceptor;True;LYS111.A-PHE107.A-HBAcceptor
1258;LEU108.A;LEU112.A;HBAcceptor;True;LEU108.A-LEU112.A-HBAcceptor
1276;ALA109.A;LYS113.A;HBAcceptor;True;ALA109.A-LYS113.A-HBAcceptor
1285;SER110.A;GLU114.A;HBAcceptor;True;GLU114.A-SER110.A-HBAcceptor
1328;GLU114.A;GLU73.A;HBAcceptor;True;GLU114.A-GLU73.A-HBAcceptor
1375;THR119.A;LEU123.A;HBAcceptor;True;LEU123.A-THR119.A-HBAcceptor
1383;ALA120.A;CYS124.A;HBAcceptor;True;ALA120.A-CYS124.A-HBAcceptor
1398;GLU121.A;ILE125.A;HBAcceptor;True;GLU121.A-ILE125.A-HBAcceptor
1408;LYS122.A;TYR126.A;HBAcceptor;True;LYS122.A-TYR126.A-HBAcceptor
1426;LEU123.A;THR127.A;HBAcceptor;True;LEU123.A-THR127.A-HBAcceptor
1438;CYS124.A;THR127.A;HBAcceptor;True;CYS124.A-THR127.A-HBAcceptor
1440;CYS124.A;ASN129.A;HBAcceptor;True;ASN129.A-CYS124.A-HBAcceptor
1455;ILE125.A;ASP128.A;HBAcceptor;True;ASP128.A-ILE125.A-HBAcceptor
1458;TYR126.A;TRP62.A;HBAcceptor;True;TRP62.A-TYR126.A-HBAcceptor
1464;TYR126.A;GLN70.A;HBAcceptor;True;GLN70.A-TYR126.A-HBAcceptor
1488;THR127.A;SER130.A;HBAcceptor;True;SER130.A-THR127.A-HBAcceptor
1491;THR127.A;ILE131.A;HBAcceptor;True;ILE131.A-THR127.A-HBAcceptor
1539;LYS132.A;LEU136.A;HBAcceptor;True;LEU136.A-LYS132.A-HBAcceptor
1550;PRO133.A;LEU137.A;HBAcceptor;True;LEU137.A-PRO133.A-HBAcceptor
1558;GLN134.A;GLU138.A;HBAcceptor;True;GLN134.A-GLU138.A-HBAcceptor
1565;GLU135.A;LYS132.A;HBAcceptor;True;GLU135.A-LYS132.A-HBAcceptor
1572;GLU135.A;TRP139.A;HBAcceptor;True;GLU135.A-TRP139.A-HBAcceptor
1592;LEU136.A;GLU140.A;HBAcceptor;True;GLU140.A-LEU136.A-HBAcceptor
1615;GLU138.A;VAL142.A;HBAcceptor;True;GLU138.A-VAL142.A-HBAcceptor
1636;TRP139.A;VAL143.A;HBAcceptor;True;TRP139.A-VAL143.A-HBAcceptor
1643;GLU140.A;LYS111.A;HBAcceptor;True;GLU140.A-LYS111.A-HBAcceptor
1655;GLU140.A;LEU144.A;HBAcceptor;True;GLU140.A-LEU144.A-HBAcceptor
1664;LEU141.A;GLY145.A;HBAcceptor;True;GLY145.A-LEU141.A-HBAcceptor
1676;VAL142.A;LYS146.A;HBAcceptor;True;LYS146.A-VAL142.A-HBAcceptor
1692;VAL143.A;LEU147.A;HBAcceptor;True;LEU147.A-VAL143.A-HBAcceptor
1703;LEU144.A;TRP149.A;HBAcceptor;True;LEU144.A-TRP149.A-HBAcceptor
1713;GLY145.A;LYS148.A;HBAcceptor;True;GLY145.A-LYS148.A-HBAcceptor
1739;LEU147.A;ASN150.A;HBAcceptor;True;ASN150.A-LEU147.A-HBAcceptor
1760;TRP149.A;LEU151.A;HBAcceptor;True;LEU151.A-TRP149.A-HBAcceptor
1765;ASN150.A;ARG86.A;HBAcceptor;True;ARG86.A-ASN150.A-HBAcceptor
1776;LEU151.A;TYR83.A;HBAcceptor;True;LEU151.A-TYR83.A-HBAcceptor
1822;THR155.A;ASP158.A;HBAcceptor;True;ASP158.A-THR155.A-HBAcceptor
1832;PRO156.A;ILE160.A;HBAcceptor;True;ILE160.A-PRO156.A-HBAcceptor
1857;HIS157.A;GLU161.A;HBAcceptor;True;GLU161.A-HIS157.A-HBAcceptor
1874;ASP158.A;HIS162.A;HBAcceptor;True;ASP158.A-HIS162.A-HBAcceptor
1891;PHE159.A;ILE163.A;HBAcceptor;True;ILE163.A-PHE159.A-HBAcceptor
1908;ILE160.A;LEU164.A;HBAcceptor;True;ILE160.A-LEU164.A-HBAcceptor
1920;GLU161.A;ARG165.A;HBAcceptor;True;ARG165.A-GLU161.A-HBAcceptor
1922;GLU161.A;ARG178.A;HBAcceptor;True;ARG178.A-GLU161.A-HBAcceptor
1969;LEU164.A;LEU167.A;HBAcceptor;True;LEU164.A-LEU167.A-HBAcceptor
2036;GLN170.A;LEU174.A;HBAcceptor;True;GLN170.A-LEU174.A-HBAcceptor
2045;ARG171.A;SER175.A;HBAcceptor;True;ARG171.A-SER175.A-HBAcceptor
2056;GLU172.A;LEU176.A;HBAcceptor;True;GLU172.A-LEU176.A-HBAcceptor
2070;LYS173.A;ILE177.A;HBAcceptor;True;ILE177.A-LYS173.A-HBAcceptor
2085;LEU174.A;ARG178.A;HBAcceptor;True;ARG178.A-LEU174.A-HBAcceptor
2095;SER175.A;LYS179.A;HBAcceptor;True;LYS179.A-SER175.A-HBAcceptor
2108;LEU176.A;HIS180.A;HBAcceptor;True;HIS180.A-LEU176.A-HBAcceptor
2122;ILE177.A;ALA181.A;HBAcceptor;True;ALA181.A-ILE177.A-HBAcceptor
2141;ARG178.A;GLN182.A;HBAcceptor;True;ARG178.A-GLN182.A-HBAcceptor
2151;LYS179.A;THR183.A;HBAcceptor;True;LYS179.A-THR183.A-HBAcceptor
2163;HIS180.A;PHE184.A;HBAcceptor;True;HIS180.A-PHE184.A-HBAcceptor
2175;ALA181.A;ILE185.A;HBAcceptor;True;ALA181.A-ILE185.A-HBAcceptor
2191;GLN182.A;ALA186.A;HBAcceptor;True;ALA186.A-GLN182.A-HBAcceptor
2201;THR183.A;LEU187.A;HBAcceptor;True;LEU187.A-THR183.A-HBAcceptor
2212;PHE184.A;CYS188.A;HBAcceptor;True;CYS188.A-PHE184.A-HBAcceptor
2237;ILE185.A;ALA189.A;HBAcceptor;True;ALA189.A-ILE185.A-HBAcceptor
2249;ALA186.A;THR190.A;HBAcceptor;True;ALA186.A-THR190.A-HBAcceptor
2260;LEU187.A;THR190.A;HBAcceptor;True;LEU187.A-THR190.A-HBAcceptor
2262;LEU187.A;ASP191.A;HBAcceptor;True;ASP191.A-LEU187.A-HBAcceptor
2274;CYS188.A;ASP191.A;HBAcceptor;True;ASP191.A-CYS188.A-HBAcceptor
2279;ALA189.A;ARG56.A;HBAcceptor;True;ALA189.A-ARG56.A-HBAcceptor
2316;ASP191.A;PHE192.A;HBAcceptor;True;ASP191.A-PHE192.A-HBAcceptor
2318;ASP191.A;LYS193.A;HBAcceptor;True;ASP191.A-LYS193.A-HBAcceptor
2320;ASP191.A;PHE194.A;HBAcceptor;True;ASP191.A-PHE194.A-HBAcceptor
2331;PHE192.A;ALA195.A;HBAcceptor;True;ALA195.A-PHE192.A-HBAcceptor
2334;PHE192.A;MET196.A;HBAcceptor;True;MET196.A-PHE192.A-HBAcceptor
2347;LYS193.A;TYR197.A;HBAcceptor;True;LYS193.A-TYR197.A-HBAcceptor
2398;TYR197.A;GLN249.A;HBAcceptor;True;GLN249.A-TYR197.A-HBAcceptor
2408;PRO198.A;ILE202.A;HBAcceptor;True;ILE202.A-PRO198.A-HBAcceptor
2420;PRO199.A;ALA203.A;HBAcceptor;True;ALA203.A-PRO199.A-HBAcceptor
2429;SER200.A;THR204.A;HBAcceptor;True;SER200.A-THR204.A-HBAcceptor
2439;MET201.A;THR204.A;HBAcceptor;True;MET201.A-THR204.A-HBAcceptor
2441;MET201.A;GLY205.A;HBAcceptor;True;GLY205.A-MET201.A-HBAcceptor
2465;ILE202.A;SER206.A;HBAcceptor;True;ILE202.A-SER206.A-HBAcceptor
2479;ALA203.A;VAL207.A;HBAcceptor;True;ALA203.A-VAL207.A-HBAcceptor
2492;THR204.A;GLY208.A;HBAcceptor;True;GLY208.A-THR204.A-HBAcceptor
2499;GLY205.A;THR204.A;HBAcceptor;True;GLY205.A-THR204.A-HBAcceptor
2503;GLY205.A;ALA209.A;HBAcceptor;True;ALA209.A-GLY205.A-HBAcceptor
2514;SER206.A;ALA210.A;HBAcceptor;True;ALA210.A-SER206.A-HBAcceptor
2528;VAL207.A;ILE211.A;HBAcceptor;True;ILE211.A-VAL207.A-HBAcceptor
2537;GLY208.A;CYS212.A;HBAcceptor;True;CYS212.A-GLY208.A-HBAcceptor
2546;ALA209.A;GLY213.A;HBAcceptor;True;ALA209.A-GLY213.A-HBAcceptor
2562;ALA210.A;LEU214.A;HBAcceptor;True;ALA210.A-LEU214.A-HBAcceptor
2573;ILE211.A;GLN215.A;HBAcceptor;True;GLN215.A-ILE211.A-HBAcceptor
2587;CYS212.A;GLN216.A;HBAcceptor;True;CYS212.A-GLN216.A-HBAcceptor
2595;GLY213.A;ASP217.A;HBAcceptor;True;ASP217.A-GLY213.A-HBAcceptor
2611;LEU214.A;GLU218.A;HBAcceptor;True;GLU218.A-LEU214.A-HBAcceptor
2648;GLU218.A;SER221.A;HBAcceptor;True;GLU218.A-SER221.A-HBAcceptor
2650;GLU218.A;SER222.A;HBAcceptor;True;GLU218.A-SER222.A-HBAcceptor
2679;SER222.A;CYS225.A;HBAcceptor;True;CYS225.A-SER222.A-HBAcceptor
2681;LEU223.A;GLN169.A;HBAcceptor;True;GLN169.A-LEU223.A-HBAcceptor
2690;LEU223.A;ASP226.A;HBAcceptor;True;ASP226.A-LEU223.A-HBAcceptor
2718;CYS225.A;LEU228.A;HBAcceptor;True;CYS225.A-LEU228.A-HBAcceptor
2726;ASP226.A;ALA227.A;HBAcceptor;True;ALA227.A-ASP226.A-HBAcceptor
2728;ASP226.A;LEU228.A;HBAcceptor;True;ASP226.A-LEU228.A-HBAcceptor
2737;ALA227.A;LEU231.A;HBAcceptor;True;ALA227.A-LEU231.A-HBAcceptor
2750;LEU228.A;LEU232.A;HBAcceptor;True;LEU228.A-LEU232.A-HBAcceptor
2756;THR229.A;ALA233.A;HBAcceptor;True;ALA233.A-THR229.A-HBAcceptor
2769;GLU230.A;LYS234.A;HBAcceptor;True;GLU230.A-LYS234.A-HBAcceptor
2781;LEU231.A;ILE235.A;HBAcceptor;True;ILE235.A-LEU231.A-HBAcceptor
2797;LEU232.A;THR236.A;HBAcceptor;True;LEU232.A-THR236.A-HBAcceptor
2809;ALA233.A;THR238.A;HBAcceptor;True;ALA233.A-THR238.A-HBAcceptor
2862;ASP239.A;ASP241.A;HBAcceptor;True;ASP239.A-ASP241.A-HBAcceptor
2866;ASP239.A;LEU243.A;HBAcceptor;True;ASP239.A-LEU243.A-HBAcceptor
2880;VAL240.A;LYS244.A;HBAcceptor;True;LYS244.A-VAL240.A-HBAcceptor
2890;ASP241.A;ALA245.A;HBAcceptor;True;ALA245.A-ASP241.A-HBAcceptor
2902;CYS242.A;CYS246.A;HBAcceptor;True;CYS242.A-CYS246.A-HBAcceptor
2921;LEU243.A;GLN247.A;HBAcceptor;True;GLN247.A-LEU243.A-HBAcceptor
2932;LYS244.A;GLU248.A;HBAcceptor;True;GLU248.A-LYS244.A-HBAcceptor
2941;ALA245.A;GLN249.A;HBAcceptor;True;ALA245.A-GLN249.A-HBAcceptor
2957;CYS246.A;ILE250.A;HBAcceptor;True;CYS246.A-ILE250.A-HBAcceptor
2970;GLN247.A;GLU251.A;HBAcceptor;True;GLN247.A-GLU251.A-HBAcceptor
2982;GLU248.A;ALA252.A;HBAcceptor;True;ALA252.A-GLU248.A-HBAcceptor
2996;GLN249.A;VAL253.A;HBAcceptor;True;GLN249.A-VAL253.A-HBAcceptor
3014;ILE250.A;LEU254.A;HBAcceptor;True;ILE250.A-LEU254.A-HBAcceptor
3025;GLU251.A;LEU255.A;HBAcceptor;True;GLU251.A-LEU255.A-HBAcceptor
3036;ALA252.A;ASN256.A;HBAcceptor;True;ALA252.A-ASN256.A-HBAcceptor
3050;VAL253.A;SER257.A;HBAcceptor;True;SER257.A-VAL253.A-HBAcceptor
3075;LEU255.A;GLN259.A;HBAcceptor;True;GLN259.A-LEU255.A-HBAcceptor
3103;LEU258.A;SER279.A;HBAcceptor;True;LEU258.A-SER279.A-HBAcceptor
3131;TYR261.A;GLN265.A;HBAcceptor;True;GLN265.A-TYR261.A-HBAcceptor
3142;ARG262.A;ARG266.A;HBAcceptor;True;ARG262.A-ARG266.A-HBAcceptor
